{"cameraMode":{"drawMode":0,"name":"Shaded","section":"Shading Mode"},"sceneLighting":false,"audioPlay":false,"sceneViewState":{"m_AlwaysRefresh":false,"showFog":true,"showSkybox":false,"showFlares":true,"showImageEffects":true,"showParticleSystems":true,"showVisualEffectGraphs":true,"m_FxEnabled":true},"in2DMode":false,"pivot":{"x":25.433624267578126,"y":1.9746503829956055,"z":23.699115753173829},"rotation":{"x":-0.28982114791870119,"y":0.0029147211462259294,"z":-0.001494698110036552,"w":-0.9571861624717712},"size":27.126144409179689,"orthographic":false}