{"cameraMode":{"drawMode":0,"name":"Shaded","section":"Shading Mode"},"sceneLighting":true,"audioPlay":false,"sceneViewState":{"m_AlwaysRefresh":false,"showFog":true,"showSkybox":false,"showFlares":true,"showImageEffects":true,"showParticleSystems":true,"showVisualEffectGraphs":true,"m_FxEnabled":true},"in2DMode":false,"pivot":{"x":380.8138122558594,"y":2.6593401432037355,"z":105.28964233398438},"rotation":{"x":-0.012323254719376564,"y":0.9869605302810669,"z":-0.13075992465019227,"w":-0.09380585700273514},"size":3.681380033493042,"orthographic":false}