{"cameraMode":{"drawMode":0,"name":"Shaded","section":"Shading Mode"},"sceneLighting":false,"audioPlay":false,"sceneViewState":{"m_AlwaysRefresh":false,"showFog":true,"showSkybox":false,"showFlares":true,"showImageEffects":true,"showParticleSystems":true,"showVisualEffectGraphs":true,"m_FxEnabled":true},"in2DMode":false,"pivot":{"x":1.9317283630371094,"y":3.458134651184082,"z":1.6225032806396485},"rotation":{"x":0.011231264099478722,"y":-0.9733149409294128,"z":0.22400829195976258,"w":0.04879758879542351},"size":6.790426254272461,"orthographic":false}