{"cameraMode":{"drawMode":0,"name":"Shaded","section":"Shading Mode"},"sceneLighting":false,"audioPlay":false,"sceneViewState":{"m_AlwaysRefresh":false,"showFog":true,"showSkybox":false,"showFlares":true,"showImageEffects":true,"showParticleSystems":true,"showVisualEffectGraphs":true,"m_FxEnabled":true},"in2DMode":false,"pivot":{"x":0.19814105331897736,"y":0.02742522954940796,"z":-0.14471161365509034},"rotation":{"x":-0.01573220267891884,"y":0.9005137085914612,"z":-0.4333450496196747,"w":-0.03270551189780235},"size":1.8101584911346436,"orthographic":false}