{"cameraMode":{"drawMode":0,"name":"Shaded","section":"Shading Mode"},"sceneLighting":false,"audioPlay":false,"sceneViewState":{"m_AlwaysRefresh":false,"showFog":true,"showSkybox":false,"showFlares":true,"showImageEffects":true,"showParticleSystems":true,"showVisualEffectGraphs":true,"m_FxEnabled":true},"in2DMode":false,"pivot":{"x":0.8398418426513672,"y":-4.420988082885742,"z":11.252555847167969},"rotation":{"x":0.1806665062904358,"y":0.03982238098978996,"z":-0.007314496207982302,"w":0.9827339053153992},"size":17.262582778930665,"orthographic":false}